Name,Link
Accel Club,https://careers.accelclub.com/jobs
Acronis,https://www.acronis.com/en/careers/jobs/
Adapty,https://adapty.io/careers/
ALPHA Affiliates,https://careers.alpha-affiliates.com/
Apliteni,https://apliteni.com/#career
Artec 3D,https://careers.artec3d.com/#positions
Asodesk,https://ru.asodesk.com/careers#rec548392573
Autodoc,https://career.autodoc.group/en/
Aviasales,https://www.aviasales.ru/about/vacancies
BETBY,https://betby.com/careers/#openPositions
BrainRocket,https://www.brainrocket.com/career
Buddy AI,https://buddy.ai/en/careers
C Teleport,https://cteleport.com/careers/
Careerist,https://www.careerist.com/jobs
Centro (Ortnec),https://career.centro.team/apply/
CodeSignal,https://jobs.gem.com/codesignal/
Colife Global,https://colife.ru/vacancies
DataArt,https://www.dataart.team/vacancies
Data Driven Lab,https://ddl.com/#vacancies#!/tab/485884296-1
Easybrain,https://easybrain.com/careers
Plurio AI,https://www.plurio.ai/careers?utm_source=linkedin&utm_medium=social&utm_campaign=elly-mainpage-linkedin-demo#positions
Embacy,https://embacy.io/career
Emerging Travel Group,https://www.emergingtravel.com/career/positions/?keywords=&department=&location=&workplace_type=remote
ENDGAME,https://end.game/jobs/
EPAM,https://careers.epam.com/en/jobs
Evido,https://job.evido.me/#roles
Evil Martians,https://evilmartians.com/careers
Evolwe AI,https://evolwe.ai/join-the-team/#join-the-team
ex corp.,https://excorp.gg/career
Exactly.аi,https://exactly.ai/career
Exante,https://careers.exante.eu/jobs/
Farel,https://farel.io/company/about/
Fibery,https://fibery.com/blog/we-are-hiring/
Fireart Studio,https://fireart.studio/careers/#positions
Flipper Devices,https://flipperdevices.com/jobs/
Flowwow,https://www.setters.media/a-teams/companies/flowwow
Fortis,https://careers.skailer.com/fortis
FunCorp,https://funcorp.dev/?unit=ifunny#vacancies
G5 Entertainment AB,https://jobs.g5.com/remote
Gero,https://www.gero.ai/careers
Gismart,https://gismart.com/careers/
Gitlab,https://about.gitlab.com/jobs/all-jobs/?dept=Marketing
Glam,https://glam.ai/join-us
GPU AUDIO,https://www.gpu.audio/jobs
Gracia AI,https://gracia.ai/careers
Grid Dynamics,https://www.griddynamics.com/careers/discover-openings?category=sales_%26_marketing
Haut.AI,https://haut.ai/company/careers
HerculesAI,https://www.hercules.ai/careers
i-BrainTech,https://www.i-brain.tech/careers
Improvado,https://improvado.applytojob.com/
Infomediji,https://infomediji.com/careers/
Innowise,https://innowise.com/careers/
IntellectoKids,https://career.intellectokids.com/roles
Jetbrains,https://www.jetbrains.com/careers/jobs/
JettyCloud,https://www.jettycloud.com/vacancies
Laoshi,https://laoshi.io/careers/
Larixon Сlassifieds,https://careers.skailer.com/lc-hq
LeverX,https://career.leverx.com/vacancies
Lovi,https://lovi.care/careers
ManyChat,https://careers.manychat.com/positions
Medvidi,https://medvidi.com/careers/#open-roles
Meracux,https://mercaux.com/careers.html
MigRun,https://www.migrun.tech/jobs
Miro,https://miro.com/careers/open-positions/
Monetha,https://www.monetha.io/careers/
Movavi,https://job.movavi.com/#open-roles
Muse Group,https://www.mu.se/vacancies
Nexpanse,https://www.nexpanse.io/career
nGrow,https://www.ngrow.ai/jobs
Onde,https://onde.app/careers
OUTSIDE DIGITAL,https://outside.digital/career
PandaDoc,https://www.pandadoc.com/careers/#openings
Picsart,https://picsart.com/careers/jobs/
Async,https://async.com/careers
Prisma Labs,https://prisma-ai.com/career
Qonversion,https://qonversion.io/jobs#positions
Quantori,https://career.quantori.com/positions
Readymag,https://readymag.com/readymag/careers/
Recraft,https://recrafts.webflow.io/career
RedCore,https://redcore.group/career/
Renderforest,https://www.renderforest.com/careers
Right Balance,https://rightbalance.io/join
Semrush,https://careers.semrush.com/jobs/
Siren Group,https://www.sirenltd.com/careers/
Soft2Bet,https://www.soft2bet-careers.com/
Softr,https://www.softr.io/jobs#open-roles
Softswiss,https://careers.softswiss.com/vacancies/
SPARKLO,https://www.sparklo.com/company
Splitmetrics,https://splitmetrics.com/careers/
Spryker,https://spryker.com/career/open-positions
Symfa,https://symfa.com/jobs/vacancies
UCRAFT,https://jobs.ucraft.com/jobs/Careers
Valiotti Analytics,https://valiotti.com/open-roles/
VIVA,https://vivaarmenia.spark.work/career/jobs?lang=en
WayRay,https://wayray.com/culture/#jobs
Web Design Sun,https://www.webdesignsun.com/careers
SleepDoctor,https://sleepdoctor.fr/en/careers#rec410830276
Async,https://async.com/careers
Kolesa Group,https://kolesa.group/career/job#jobs
ElectroNeek,https://electroneek.com/careers/
DigiFabster,https://digifabster.com/careers/
Unlimit,https://www.unlimit.com/careers/#jobs
Cube Dev,https://cube-dev.careers-page.com/
Exactly.ai (Durer Ai),https://exactly.ai/career
Nil Foundation,https://nil.foundation/careers/jobs
FaceApp,https://www.faceapp.com/careers/
Welltory,https://wantapply.com/company/welltory
Luxoft,https://career.luxoft.com/jobs
Exactpro,https://careers.exactpro.com/careers?location=All&area=All&level=All
OUTSIDE DIGITAL (ex Kodix),https://outside.digital/career
First Line Software,https://careers.firstlinesoftware.com/career/vacancies
IZDAT Venture Studio,https://jobs.cvviz.com/izdatcom
HypeAuditor,https://hypefamily.team/jobs/hypeauditor
Toughbyte,https://www.toughbyte.com/positions
Gurtam,https://gurtam.com/jobs
Mediacube,https://mediacube.io/en/vacancies Revolut,https://www.revolut.com/careers
Veeam,https://careers.veeam.com/search-jobs
Clickhouse,https://clickhouse.com/company/careers
F5,https://ffive.wd5.myworkdayjobs.com/f5jobs
Plesk,https://webpros.rec.pro.ukg.net/WEB1501WEBP/JobBoard/1c6cf7c0-2d14-4575-906b-78213c1ced24/?q=&o=postedDateDesc&w=&wc=&we=&wpst=
Wallarm,https://wallarm.recruitee.com/
Group IB,https://www.group-ib.com/careers/#vacancies
RingCentral,https://ringcentral.wd1.myworkdayjobs.com/RingCentral_Careers/
Percona,https://www.percona.com/careers/
Nord Security,https://nordsecurity.com/careers/#Careers
Wrike,https://www.wrike.com/jobs/ ABBYY,https://www.abbyy.com/company/careers/open-roles
Semrush,https://careers.semrush.com/jobs/
AirSlate,https://jobs.lever.co/airslate
Fibery,https://fibery.com/blog/we-are-hiring/ Sumsub,https://careers.sumsub.com/jobs
SplitMetrics,https://splitmetrics.com/careers/
Netcracker,https://www.netcracker.com/careers/open-positions 
SOFTSWISS,https://careers.softswiss.com/vacancies/
AppFollow,https://jobs.lever.co/appfollow 
Renderforest,https://www.renderforest.com/careers  Service Titan,https://www.servicetitan.com/careers#job-openings Craft,https://jobs.ucraft.com/jobs/Careers
Andersen,https://people-andersenlab.com/vacancies
Innowise,https://innowise.com/careers/
Krisp,https://krisp.ai/careers/#open-roles
Flo,https://flo.health/careers-listing
Owlcat,https://owlcat.games/careers
