Name,Site,Careers
ai|coustics,https://ai-coustics.com/,
Albums,https://www.albums.app/en/,
ALLOY,https://www.alloy.music/,
Alphabeats,https://www.listenalphabeats.com/,
Amuse,https://www.amuse.io/en/,
Anghami,https://www.anghami.com/,
Anotherblock,https://anotherblock.com/,
Anthems Music,https://anthems.fm/home,
ARK,https://myarkapp.com/,
Artelize,https://artelize.com/,
Artist Growth,https://www.artistgrowth.com/,
ArtMaster,,
Audiohook,https://www.audiohook.com/,
Audiology,https://audiology.media/,
Audiomob,https://audiomob.com/,
AudioShake,https://www.audioshake.ai/,
AudioStack,https://audiostack.ai/,
Audiotool,https://www.audiotool.com/,
Audoo,https://www.audoo.com/,
AWAL,https://www.awal.com/,
Base For Music,https://www.baseformusic.com/en,
Baton,https://baton.media/,
Beam for Music,https://beamformusic.com/,
BeatConnect,https://www.beatconnect.com/,
Beatdapp,https://beatdapp.com/,
Beatoven.ai,https://www.beatoven.ai/,
Blokur,https://www.blokur.com/,
Bolero,https://www.boleromusic.com/,
Boomy,https://boomy.com/,
Breakr,https://www.breakr.app/,
Bronze,https://bronze.ai/,
CD Baby,https://cdbaby.com/,
Chartex,https://chartex.com/,
Closer Music,https://closermusic.com/,
Cogs AI,https://www.cogs-ai.com/,
Condense,https://condense.live/,
Connected,https://www.connectedartists.com/,
Creative Covenant,https://thecovenantcreative.com/,
CRESQA,https://cresqa.com/,
Ctrl+Reach,https://www.ctrlreach.co/,
Dice,https://dice.fm/,
Discogs,https://www.discogs.com/,
DistroKid,https://distrokid.com/,
Ditto Music,https://dittomusic.com/en,
Duetti,https://duetti.co/,
EDGE Sound Research,https://www.edgesoundresearch.com/,
EngineEars,https://engineears.com/for-all,
EVEN,https://www.even.biz/,
Fave,https://faveforfans.com/,
Forte,https://fortelessons.com/,
FUGA,https://fuga.com/,
Giide,https://www.giide.com/,
Groover,https://groover.co/en/,
Halbestunde,https://halbestunde.com/,
Hangout FM (prev. Turntable LIVE),https://www.hangout.fm/,
Hawkr,https://www.hawkrlive.com/,
Highnote,https://www.highnote.fm/,
Hook,https://www.hookworld.io/,
Hook,https://hookmusic.com/,
Horus Music,https://www.horusmusic.global/,
HustleSasa,https://hustlesasa.com/,
IDOL,https://idol.io/,
Indify,https://www.indify.io/,
Killphonic Rights,https://direct.killphonicrights.com/,
Komi,https://komi.io/,
Labelcamp,https://labelcamp.io/,
Labelgrid,https://labelgrid.com/,
La Cupula Music,https://www.lacupulamusic.com,
LANDR,https://www.landr.com/,
Laylo,https://laylo.com/,
Levellr,https://www.levellr.com/,
Longform.ai,https://longform.ai/,
Magroove,https://artists.magroove.com/,
Masterchannel,https://masterchannel.ai/,
MasterExchange,https://www.masterexchange.com/,
Mellomanic,https://mellomanic.com/,
Merchbar,https://www.merchbar.com/,
MNGRS.AI,https://www.mngrs.ai/,
Mogul,https://www.usemogul.com/,
Moises,https://moises.ai/,
Mood,https://www.musicofourdesire.com/,
Moombix,https://www.moombix.com/,
Musical AI,https://www.wearemusical.ai/,
Musimap,https://www.musimap.com/,
Musiversal,https://www.musiversal.com/,
Nexro,https://www.nexro.io/,
Nitrility,https://www.nitrility.com/,
ODD,https://oddballism.com/en-us,
ONCE.app,https://www.once.app/,
ONErpm,https://onerpm.com/,
Overtune,https://www.overtune.com/,
Pex,https://pex.com/,
Pibox,https://pibox.com,
Podcastle,https://podcastle.ai/,
POSH,https://posh.vip/,
PUSH.fm,https://push.fm/,
Rap Tech Studios,https://www.raptech.co/,
Reactional Music,https://reactionalmusic.com/,
Revoize,https://revoize.com/,
Riffusion,https://www.riffusion.com/,
Ringo,https://www.thisisringo.com/,
RouteNote,https://routenote.com/,
Saarey,https://www.saareymusic.com/,
Seat Unique,https://www.seatunique.com/,
Sesh,,
Setmixer,https://www.setmixer.com/,
Showcase,https://www.showcasedaily.com/,
Sirius,https://www.sirius.video/,
Slingshot,https://slingshot.fm/,
Softside,https://beta.softsidemerch.com/,
Songclip,https://www.songclip.com/,
SongPush,https://www.songpush.com/,
Sonomo,https://www.sonomo.com/,
SonoSuite,https://sonosuite.com/en/,
SONOTELLER.AI,https://sonoteller.ai/,
SoundBirth,https://www.sound-birth.com/,
Soundcharts,https://soundcharts.com/,
Soundful,https://soundful.com/,
SoundGate,https://soundgate.ai/,
Soundrop,https://soundrop.com/,
Soundtrack Your Brand,https://www.soundtrackyourbrand.com/,
Splice,https://splice.com/,
SPOKE,https://www.spoke.world/,
Stanly,https://www.stanlyapp.com/,
Starmony,https://www.starmony.io/,
Stationhead,https://www.stationhead.com/,
Strm,https://www.strmmusic.ai/en,
SUBMIX,https://www.submix.io/,
Symphonic,https://symphonic.com/,
SymphonyOS,https://www.symphonyos.co/,
SYNCHTANK,https://www.synchtank.com/,
The Orchard,https://www.theorchard.com/,
The Pack,https://partofthepack.com/,
Too Lost,https://toolost.com/,
Tracklib,https://www.tracklib.com/,
TuneCore,https://www.tunecore.com/,
Udio,https://www.udio.com/,
Unchained Music,https://www.unchainedmusic.io/,
Unhurd,https://www.unhurd.co.uk/,
Un:Hurd Music,https://www.unhurdmusic.com/,
UnitedMasters,https://unitedmasters.com/,
Upsound,https://upsound.com/,
Vermillio,https://www.vermillio.com/,
Volta,https://www.volta-xr.com/,
Wondercraft,https://www.wondercraft.ai/,
Xceed,https://xceed.me/en,
Yoto,https://us.yotoplay.com/,
