Name,Site,Why,LinkedIn jobs search
Allformance,https://allformance.com/jobs,сайт не открылся,https://www.linkedin.com/jobs/search/?keywords=Allformance
Brickell Digital,https://brickelldigital.com,карьерная страница не найдена,https://www.linkedin.com/jobs/search/?keywords=Brickell%20Digital
CURVES,https://curves.design,карьерная страница не найдена,https://www.linkedin.com/jobs/search/?keywords=CURVES
Cloudaware,https://cloudaware.com,карьерная страница не найдена,https://www.linkedin.com/jobs/search/?keywords=Cloudaware
DataNever Lies,https://data-never-lies.com,карьерной страницы нет,https://www.linkedin.com/jobs/search/?keywords=DataNever%20Lies
Dbrain,https://dbrain.io,карьерная страница не найдена,https://www.linkedin.com/jobs/search/?keywords=Dbrain
DeckRobot,https://deckrobot.com,карьерная страница не найдена,https://www.linkedin.com/jobs/search/?keywords=DeckRobot
Delightex,https://delightex.com,карьерная страница не найдена,https://www.linkedin.com/jobs/search/?keywords=Delightex
Doge Flat,https://dogeflat.com,сайт не открылся,https://www.linkedin.com/jobs/search/?keywords=Doge%20Flat
EMEX,https://emex.com,карьерная страница не найдена,https://www.linkedin.com/jobs/search/?keywords=EMEX
Ecoplatform,https://ecoplatform.tech,карьерная страница не найдена,https://www.linkedin.com/jobs/search/?keywords=Ecoplatform
Elementaree,https://elementaree.ru,карьерная страница не найдена,https://www.linkedin.com/jobs/search/?keywords=Elementaree
Enty.io,https://enty.io,карьерная страница не найдена,https://www.linkedin.com/jobs/search/?keywords=Enty.io
Geeklama,https://geeklama.com,карьерная страница не найдена,https://www.linkedin.com/jobs/search/?keywords=Geeklama
Green Growth,,нет сайта,https://www.linkedin.com/jobs/search/?keywords=Green%20Growth
Grintern,https://grintern.ru,сайт не открылся,https://www.linkedin.com/jobs/search/?keywords=Grintern
Headroom Inc.,https://headroom.com,карьерная страница не найдена,https://www.linkedin.com/jobs/search/?keywords=Headroom%20Inc.
Immcore,https://immcore.com,сайт не открылся,https://www.linkedin.com/jobs/search/?keywords=Immcore
KateMedia,https://katemedia.eu,карьерная страница не найдена,https://www.linkedin.com/jobs/search/?keywords=KateMedia
Kewazo,https://kewazo.com,карьерная страница не найдена,https://www.linkedin.com/jobs/search/?keywords=Kewazo
Liepa Limited,https://liepa.ltd,сайт не открылся,https://www.linkedin.com/jobs/search/?keywords=Liepa%20Limited
Maildoso,https://maildoso.com,карьерная страница не найдена,https://www.linkedin.com/jobs/search/?keywords=Maildoso
Mento.vc,https://mento.vc,карьерная страница не найдена,https://www.linkedin.com/jobs/search/?keywords=Mento.vc
Minders studio,https://minders.studio,сайт не открылся,https://www.linkedin.com/jobs/search/?keywords=Minders%20studio
Movchan's Group,https://movchans.com,карьерная страница не найдена,https://www.linkedin.com/jobs/search/?keywords=Movchan's%20Group
NeuraLoom,https://neuraloom.ai,сайт не открылся,https://www.linkedin.com/jobs/search/?keywords=NeuraLoom
Nuanu,https://nuanu.com,карьерная страница не найдена,https://www.linkedin.com/jobs/search/?keywords=Nuanu
OneSoil,https://onesoil.ai,карьерная страница не найдена,https://www.linkedin.com/jobs/search/?keywords=OneSoil
Overhood,https://over-hood.com,карьерная страница не найдена,https://www.linkedin.com/jobs/search/?keywords=Overhood
PharmBonus,https://pharmbonus.com,карьерная страница не найдена,https://www.linkedin.com/jobs/search/?keywords=PharmBonus
Placy,https://placy.ai,только пост в блоге,https://www.linkedin.com/jobs/search/?keywords=Placy
Pygmation At,https://pygmalion.ai,сайт не открылся,https://www.linkedin.com/jobs/search/?keywords=Pygmation%20At
RED,,нет сайта,https://www.linkedin.com/jobs/search/?keywords=RED
Rhino,,нет сайта,https://www.linkedin.com/jobs/search/?keywords=Rhino
Rork,https://rork.com,карьера за логином,https://www.linkedin.com/jobs/search/?keywords=Rork
SLSBMB,https://slsbmb.com,карьерная страница не найдена,https://www.linkedin.com/jobs/search/?keywords=SLSBMB
SODA.Auto,https://soda.auto,карьерная страница не найдена,https://www.linkedin.com/jobs/search/?keywords=SODA.Auto
Sally - AI Sales Representative,https://getsally.io,карьерная страница не найдена,https://www.linkedin.com/jobs/search/?keywords=Sally%20-%20AI%20Sales%20Representative
Tabula,https://tabula.io,карьерная страница не найдена,https://www.linkedin.com/jobs/search/?keywords=Tabula
Teralytics,https://teralytics.net,карьерная страница не найдена,https://www.linkedin.com/jobs/search/?keywords=Teralytics
Unleashing AI,,нет сайта,https://www.linkedin.com/jobs/search/?keywords=Unleashing%20AI
Victa,,нет сайта,https://www.linkedin.com/jobs/search/?keywords=Victa
Wayvee,https://wayvee.com,карьерная страница не найдена,https://www.linkedin.com/jobs/search/?keywords=Wayvee
Wonder Family,https://wonderfamily.com,сайт не открылся,https://www.linkedin.com/jobs/search/?keywords=Wonder%20Family
Yolla,https://yollacalls.com,карьерная страница не найдена,https://www.linkedin.com/jobs/search/?keywords=Yolla
Zarta,,нет сайта,https://www.linkedin.com/jobs/search/?keywords=Zarta
ifarm,https://ifarm.fi,домен перехвачен казино,https://www.linkedin.com/jobs/search/?keywords=ifarm
ornament,https://getornament.com,сайт не открылся,https://www.linkedin.com/jobs/search/?keywords=ornament
