Name,Link,ATS
3F Venture,https://www.linkedin.com/company/3f-venture/jobs/,
10Web,https://10web.bamboohr.com/careers,BambooHR
110 Industries,https://www.linkedin.com/company/110-industries/jobs/,
ABBYY,https://job-boards.eu.greenhouse.io/abbyy,Greenhouse
Accel Club,https://careers.accelclub.com/jobs,
Ace,https://www.linkedin.com/company/getace/jobs/,
Acronis,https://www.acronis.com/en/careers/,Workday
Action1,https://apply.workable.com/action1/,Workable
Adapty,https://adapty.io/careers/,
AdTech Holding,https://www.linkedin.com/company/adtech-holding/jobs/,
Ahrefs,https://ahrefs.com/jobs,Greenhouse
AI Digital,https://www.aidigital.com/join-us#open-positions,Recruitee
Acclaim AI,https://www.linkedin.com/company/acclaimai/jobs/,
airSlate,https://jobs.lever.co/airslate,Lever
Akvelon,https://akvelon.com/careers/,
Algonova School,https://app.notion.com/p/myshalov/Senior-Lead-Product-Manager-Growth-2f634a578ffa80fa86f4eb57db968a05,Notion
All3,https://www.linkedin.com/company/all3/jobs/,
Almanax - Education Architecture,https://www.linkedin.com/company/almanaxlondon/jobs/,
ALPHA Affiliates,https://careers.alpha-affiliates.com/,
Altegio,https://www.linkedin.com/company/altegio/,
Altenar,https://www.linkedin.com/company/altenar/jobs/,
Altoros,https://www.linkedin.com/company/altoros-systems/jobs/,
amma pregnancy tracker,https://www.linkedin.com/company/amma-family/jobs/,
Anymaster,https://www.linkedin.com/company/anymaster/jobs/,
Apliteni,https://apliteni.com/#career,
AppFollow,https://jobs.lever.co/appfollow,Lever
Appodeal,https://appodeal.com/career/,BambooHR
AppQuantum,https://appquantum.pinpointhq.com/#js-careers-jobs-block,Pinpoint
Arctic7,https://arctic7.peopleforce.io/careers,PeopleForce
Arrival,https://www.linkedin.com/company/arrival/jobs/,
Artec 3D,https://careers.artec3d.com/#positions,
Asodesk,https://ru.asodesk.com/careers#rec548392573,
Aspect App,https://www.aspect-health.com/careers,Notion
Aurora First,https://www.linkedin.com/company/aurora-first/jobs/,
Autodoc,https://career.autodoc.group/en/,
Aviasales,https://www.aviasales.ru/about/vacancies,
Avride,https://www.avride.ai/careers#open-roles,Greenhouse
Babylon Voice,https://wellfound.com/company/manan-ai/jobs,
BCraft Software,https://www.linkedin.com/company/bcraftglobal/jobs/,
Beau,https://www.ycombinator.com/companies/beau/jobs/,
Behavox,https://www.behavox.com/careers,Greenhouse
Belka Games,https://www.tripledot.com/careers,Greenhouse
BETBY,https://betby.com/careers/#openPositions,
Binarly,https://ats.rippling.com/binarly/jobs,Rippling
Birch,https://apply.workable.com/birch/?not_found=true#jobs,Workable
Boomerangme,https://www.linkedin.com/company/boomerangme/jobs/,
BrainRocket,https://www.brainrocket.com/career,
Brask AI,https://www.linkedin.com/company/brask-ai/jobs/,
Brickit,https://www.linkedin.com/company/brickit-app/jobs/,
Browsec,https://www.linkedin.com/company/browsec/jobs/,
Buddy AI,https://buddy.ai/en/careers,
BuildBuild,https://www.linkedin.com/company/buildbuild-sarl/jobs/,
Bumble,https://jobs.lever.co/bumbleinc,Lever
C Teleport,https://cteleport.com/careers/,Getro
Careerist,https://www.careerist.com/jobs,
Cartwheel,https://www.linkedin.com/company/trycartwheel/jobs/,
Cattle Care,https://www.linkedin.com/company/cattle-care/jobs/,
Centro (Ortnec),https://career.centro.team/apply/,PeopleForce
Chattermill,https://jobs.ashbyhq.com/chattermill,Ashby
Clay,https://apply.workable.com/clayglobal/?not_found=true#jobs,Workable
ClickHouse,https://clickhouse.com/company/careers,Ashby
CloudLinux,https://apply.workable.com/cloudlinux-1/?not_found=true#jobs,Workable
CodeSignal,https://jobs.gem.com/codesignal/,
Colife Global,https://colife.ru/vacancies,
CRITICAL REFLEX,https://criticalreflex.bamboohr.com/careers,BambooHR
DataArt,https://www.dataart.team/vacancies,
Data Driven Lab,https://ddl.com/#vacancies#!/tab/485884296-1,
DBeaver,https://dbeaver.com/join-the-dbeaver-team/,Greenhouse
Diagnocat,https://www.linkedin.com/company/diagnocat/jobs/,
Dubformer,https://www.linkedin.com/company/dubformer/jobs/,
Easybrain,https://easybrain.com/careers,
Plurio AI,https://www.plurio.ai/careers?utm_source=linkedin&utm_medium=social&utm_campaign=elly-mainpage-linkedin-demo#positions,
Embacy,https://embacy.io/career,
Emerging Travel Group,https://www.emergingtravel.com/career/positions/?keywords=&department=&location=&workplace_type=remote,
Endel ,https://www.linkedin.com/company/endelsound/jobs/,
ENDGAME,https://end.game/jobs/,
EPAM,https://careers.epam.com/en/jobs,Workday
Evido,https://job.evido.me/#roles,
Evil Martians,https://evilmartians.com/careers,
Evolwe AI,https://evolwe.ai/join-the-team/#join-the-team,
EWA Learn Languages,https://appewa.bamboohr.com/careers,BambooHR
ex corp.,https://excorp.gg/career,
Ex-human,https://www.linkedin.com/company/ex-human/jobs/,
Exactly.аi,https://exactly.ai/career,
Exante,https://careers.exante.eu/jobs/,
Farel,https://farel.io/company/about/,
Fibery,https://fibery.com/blog/we-are-hiring/,
Field Materials,https://fieldmaterials.freshteam.com/jobs,Freshteam
Fireart Studio,https://fireart.studio/careers/#positions,
Flipper Devices,https://flipperdevices.com/jobs/,
Flo Health,https://flo.health/careers-listing#marketing,Greenhouse
Flowwow,https://www.setters.media/a-teams/companies/flowwow,
Fluently,https://getfluently.notion.site/2916a9ce04d980018c74d881e05c86cd?v=2916a9ce04d9809999aa000c8b4d88e2,Notion
Fortis,https://careers.skailer.com/fortis,
FunCorp,https://funcorp.dev/?unit=ifunny#vacancies,
G5 Entertainment AB,https://jobs.g5.com/remote,
Geex Art,https://geexarts.notion.site/Careers-9f236198489c4bee9291875b7116c383,Notion
Gero,https://www.gero.ai/careers,
Gismart,https://gismart.com/careers/,
Gitlab,https://about.gitlab.com/jobs/all-jobs/,
Glam,https://glam.ai/join-us,
GPU AUDIO,https://www.gpu.audio/jobs,
Gracia AI,https://gracia.ai/careers,
Grid Dynamics,https://www.griddynamics.com/careers/discover-openings,
Haut.AI,https://haut.ai/company/careers,
HerculesAI,https://www.hercules.ai/careers,Getro
Hexens,https://hexens.bamboohr.com/careers/,BambooHR
Higgsfield AI ,https://jobs.ashbyhq.com/higgsfieldai,Ashby
HomeBuddy,https://www.homebuddy.com/careers#vacancies,Workable
Humanoid AI,https://thehumanoid.ai/careers/,Ashby
HumanSignal,https://humansignal.com/careers/#openings,Greenhouse
i-BrainTech,https://www.i-brain.tech/careers,
Immigram,https://www.immigram.io/career#career_open-position,Notion
Improvado,https://improvado.applytojob.com/,
Infomediji,https://infomediji.com/careers/,
Innowise,https://innowise.com/careers/,
IntellectoKids,https://career.intellectokids.com/roles,
Intento,https://join.inten.to/,Recruitee
InvestEngine,https://careers.investengine.com/jobs,Teamtailor
Inworld AI,https://inworld.ai/careers#job-openings,Ashby
Jet Admin,https://jetadmin.notion.site/Join-one-of-the-fastest-growing-No-code-companies-b2a4650246614d95adc6c5fe9b1a99b5,Notion
Jetbrains,https://www.jetbrains.com/careers/jobs/,
JettyCloud,https://www.jettycloud.com/vacancies,
Joom,https://about.joom.com/en/vacancies,Workable
Krisp ,https://krisp.ai/careers/#job_listings,
Laoshi,https://laoshi.io/careers/,
Larixon Сlassifieds,https://careers.skailer.com/lc-hq,
LeverX,https://career.leverx.com/vacancies,Workday
Lokalise,https://lokalise.com/job/,Greenhouse
Loóna ,https://loonaapp.notion.site/Work-at-Lo-na-fa2a632a634b4bf5967843897e3d09ec?assetsVersion=23.13.20260729.1456&clientBuildTarget=client,Notion
Lovi,https://lovi.care/careers,
Luminai,https://jobs.ashbyhq.com/luminai,Ashby
ManyChat,https://careers.manychat.com/positions,
Medvidi,https://medvidi.com/careers/#open-roles,
Meracux,https://mercaux.com/careers.html,
MigRun,https://www.migrun.tech/jobs,
Miro,https://miro.com/careers/open-positions/,
Monetha,https://www.monetha.io/careers/,Workday
Movavi,https://job.movavi.com/#open-roles,
Muse Group,https://www.mu.se/vacancies,
Netwrix,https://ats.rippling.com/en-GB/netwrix-corporation/jobs?page=0,Rippling
Nexpanse,https://www.nexpanse.io/career,
nGrow,https://www.ngrow.ai/jobs,
Nozomi - Digital Health Product Studio,https://studio.nozomihealth.com/about-us,Notion
Object First,https://objectfirst.com/careers/#open-roles,Greenhouse
Onde,https://onde.app/careers,
OUTSIDE DIGITAL,https://outside.digital/career,
PandaDoc,https://www.pandadoc.com/careers/#openings,
Picsart,https://picsart.com/careers/jobs/,
Async,https://async.com/careers,
Prisma Labs,https://prisma-ai.com/career,
PropellerAds,https://adtechholding.bamboohr.com/careers/,BambooHR
Qonversion,https://qonversion.io/jobs#positions,
Quantori,https://career.quantori.com/positions,
Readymag,https://readymag.com/readymag/careers/,
Recraft,https://recrafts.webflow.io/career,
RedCore,https://redcore.group/career/,
Redtrack Technologies LTD,https://join.com/companies/redtrackio,Join
RemoFirst,https://jobs.lever.co/remofirst/,Lever
Renderforest,https://www.renderforest.com/careers,
Replika,https://careers.replika.com/jobs,Teamtailor
Right Balance,https://rightbalance.io/join,
Ruby Labs,https://jobs.ashbyhq.com/ruby-labs,Ashby
Scalefinal,https://scalefinal.zohorecruit.eu/jobs/Careers/,Zoho Recruit
Scentbird,https://ats.rippling.com/scentbird/jobs,Rippling
Semrush,https://careers.semrush.com/jobs/,Workday
Siren Group,https://www.sirenltd.com/careers/,
Smartcat,https://www.smartcat.com/careers/#careers,Greenhouse
Social Discovery Group,https://social-discovery-ventures.breezy.hr/,Breezy
Soft2Bet,https://www.soft2bet-careers.com/,
Softr,https://www.softr.io/jobs#open-roles,
Softswiss,https://careers.softswiss.com/vacancies/,
SPARKLO,https://www.sparklo.com/company,
Spines.com,https://spines.com/career/,Workable
Splitmetrics,https://splitmetrics.com/careers/,
Spryker,https://spryker.com/career/open-positions,
StakeWise,https://wellfound.com/company/stakewise/jobs,
Sumsub,https://careers.sumsub.com/jobs,Teamtailor
SuperAnnotate,https://jobs.lever.co/superannotate,Lever
Symfa,https://symfa.com/jobs/vacancies,
Syncle,https://careers.syncle.com/jobs,Teamtailor
Synder,https://synder.bamboohr.com/careers,BambooHR
Synthesized,https://synthesized.teamtailor.com/jobs,Teamtailor
Teleport,https://jobs.ashbyhq.com/goteleport,Ashby
Termius,https://jobs.lever.co/Termius/,Lever
The Soul Publishing,https://www.jointhesoul.com/jobs,Workable
TraceAir,https://careers.traceair.net/,Recruitee
UCRAFT,https://jobs.ucraft.com/jobs/Careers,Zoho Recruit
Valiotti Analytics,https://valiotti.com/open-roles/,
Veeam,https://careers.veeam.com/search-jobs,Greenhouse
Velvetech,https://velvetech.com/careers/,Huntflow
Virtuozzo,https://apply.workable.com/virtuozzo/#jobs,Workable
VIVA,https://vivaarmenia.spark.work/career/jobs?lang=en,
Voyagu,https://voyagu.breezy.hr/,Breezy
Wallarm,https://wallarm.recruitee.com/,Recruitee
WayRay,https://wayray.com/culture/#jobs,
Wayy,https://wayy-llc.breezy.hr/,Breezy
Web Design Sun,https://www.webdesignsun.com/careers,
Wheely,https://wheely.com/en/careers/open-roles,Greenhouse
White Circle,https://whitecircle.com/careers,Ashby
Wrike,https://www.wrike.com/jobs/,Greenhouse
Yoffix,https://join.com/companies/yoffix,Join
ZeptoLab,https://apply.workable.com/zeptolab/,Workable
SleepDoctor,https://sleepdoctor.fr/en/careers#rec410830276,
Async,https://async.com/careers,
AURA Devices,https://aura-devices.breezy.hr/ ,Breezy
Kolesa Group,https://kolesa.group/career/job#jobs,
ElectroNeek,https://electroneek.com/careers/,
DigiFabster,https://digifabster.com/careers/,
Novakid,https://hr.novakidschool.com/?jobs-0a49d9d9%5Btab%5D=Marketing,Recruitee
inDrive,https://careers.indrive.com/vacancies/ ,Pinpoint
Praktika.ai,https://praktika.teamtailor.com/jobs ,Teamtailor
Unlimit,https://www.unlimit.com/careers/#jobs ,
Cube Dev,https://cube-dev.careers-page.com/ ,
Exactly.ai (Durer Ai),https://exactly.ai/career,
Nil Foundation,https://nil.foundation/careers/jobs ,
Handl.ai,https://www.ycombinator.com/companies/handl ,
Pure,https://pure.careers.hibob.com/jobs ,HiBob
Noom,https://www.noom.com/careers/job-listings/ ,Greenhouse
YouScan,https://youscan.peopleforce.io/careers ,PeopleForce
Kodland,https://kodlandcareer.notion.site/kodlandcareer/Jobs-at-Kodland-32dbf4cd9577449bab2a6945f89c47ba,Notion
Prequel,https://www.ycombinator.com/companies/prequel/jobs ,
FaceApp,https://www.faceapp.com/careers/ ,
Welltory,https://wantapply.com/company/welltory ,
Luxoft,https://career.luxoft.com/jobs ,
Exactpro,https://careers.exactpro.com/careers?location=All&area=All&level=All ,
OUTSIDE DIGITAL (ex Kodix),https://outside.digital/career ,
First Line Software,https://careers.firstlinesoftware.com/career/vacancies ,
IZDAT Venture Studio,https://jobs.cvviz.com/izdatcom ,
HypeAuditor,https://hypefamily.team/jobs/hypeauditor ,
Planner 5D,https://planner5d.multiscreensite.com/#Jobs ,Lever
Toughbyte,https://www.toughbyte.com/positions ,
Gurtam,https://gurtam.com/jobs ,
SOAX,https://www.linkedin.com/jobs/search/?currentJobId=4005807006&f_C=34924582&geoId=92000000&origin=COMPANY_PAGE_JOBS_CLUSTER_EXPANSION&originToLandingJobPostings=4005807006%2C3999329350%2C3986547992%2C3986553354%2C3987542759%2C3987540981%2C3967098649 ,
Datafold,https://www.datafold.com/careers/ ,Ashby
Mediacube,https://mediacube.io/en/vacancies ,
TheSoul Publishing,https://www.jointhesoul.com/jobs ,Workable
AtBay,https://www.at-bay.com/about/careers/,Greenhouse
Duolingo,https://careers.duolingo.com,Greenhouse
Dwelly,https://www.dwelly.group/careers,Greenhouse
Enhesa,https://www.enhesa.com/careers,Greenhouse
Genestack,https://genestack.com/company/careers/,Breezy
Hirehire,https://jobs.ashbyhq.com/hirehire/8839fc69-4570-4a39-83d7-aa7650491863,Ashby
Mirantis,https://www.mirantis.com/careers/,SmartRecruiters
Mitek,https://www.miteksystems.com/careers,Lever
Moloco,https://www.moloco.com/company/careers,Greenhouse
Stackadapt,https://job-boards.greenhouse.io/stackadapt,Greenhouse
Telnyx,https://telnyx.com/careers,Greenhouse
Tempo Software,https://www.tempo.io/careers,Ashby
Xometry,https://www.xometry.com/careers/,Greenhouse
Qdrant,https://jobs.ashbyhq.com/qdrant.tech,Ashby
Insense,https://insense.na.teamtailor.com/jobs,Teamtailor
Servers.com,https://servers-com.breezy.hr/,Breezy
GoStudent,https://job-boards.greenhouse.io/gostudent,Greenhouse
DataDome,https://job-boards.greenhouse.io/ddome,Greenhouse
Criteo,https://criteo.wd3.myworkdayjobs.com/Criteo_Career_Site,Workday
eBay,https://ebay.wd5.myworkdayjobs.com/apply,Workday
