Name,Site,Careers
1Password,https://1password.com,https://1password.com/careers
3DLOOK,https://3dlook.ai,https://3dlook.ai/careers/
A1QA,https://career.a1qa.kz,https://career.a1qa.kz/
Admixer Technologies,https://admixer.tech,https://admixer.tech/careers/
Affise,https://affise.com,https://affise.com/careers/
AgileEngine,https://join.agileengine.com,https://join.agileengine.com/open-positions/
AIP Tech,https://aip.tech,https://aip.tech/careers
Ajax Systems,https://ajax.systems,https://ajax.systems/career/global/
Akveo,https://www.akveo.com,https://www.akveo.com/careers
Almaz Capital,https://jobs.almazcapital.com,https://jobs.almazcapital.com/jobs
Anki,https://anki.bot,https://anki.bot/pages/job-opportunities
AppMaster.io,https://appmaster.io,https://appmaster.io/career
ATLANT 3D,https://jobs.atlant3d.com,https://jobs.atlant3d.com/jobs
Bank of Georgia Group (BOG),https://bankofgeorgia.ge,https://bankofgeorgia.ge/en/about/career/vacancies
Beetroot,https://career.beetroot.co,https://career.beetroot.co/jobs/
BetterMe,https://betterme.world,https://betterme.world/career
Carmoola,https://www.carmoola.co.uk,https://www.carmoola.co.uk/careers
Ciklum,https://jobs.ciklum.com,https://jobs.ciklum.com/
Cleveron,https://cleveron.com,https://cleveron.com/join-the-team/
Cognitive Technologies,https://cognitivepilot.com,https://cognitivepilot.com/about-company/vacancies/
Coherent Solutions,https://www.coherentsolutions.com,https://www.coherentsolutions.com/careers
Competera,https://competera.ai,https://competera.ai/company/careers
Cossack Labs,https://www.cossacklabs.com,https://www.cossacklabs.com/job/
Coupler.io,https://couplerhq.com,https://couplerhq.com/join-coupler
Creatio,https://www.creatio.com,https://www.creatio.com/company/careers/job-openings
Dataox,https://dataox.hurma.work,https://dataox.hurma.work/public-vacancies
Depositphotos,https://depositphotos.com,https://depositphotos.com/careers.html
DressX,https://store.dressx.com,https://store.dressx.com/pages/join-dressx-team
Elai.io,https://elai.io,https://elai.io/careers/
ELEKS,https://careers.eleks.com,https://careers.eleks.com/
Entrust,https://www.entrust.com,https://www.entrust.com/company/careers
EOS Data Analytics,https://eos.com,https://eos.com/company/careers/
EVO Group,https://evo.company,https://evo.company/vacancies/
Exadel,https://exadel.com,https://exadel.com/careers/careers
Fintech Farm,https://fintech-farm.com,https://fintech-farm.com/careers
Firefly Aerospace,https://fireflyspace.com,https://fireflyspace.com/careers/
Fortumo,https://www.boku.com,https://www.boku.com/careers/
Fotokite,https://fotokite.com,https://fotokite.com/careers/
Fractory,https://careers.fractory.com,https://careers.fractory.com/jobs
Genesis (Studio),https://gen-tech.breezy.hr,https://gen-tech.breezy.hr/
GetIntent,https://getintent.com,https://getintent.com/en/getintent-vacancies-job-opportunities-in-adtech/
Giraffe360,https://apply.workable.com,https://apply.workable.com/giraffe360/
Godel Technologies,https://careers.godeltech.com,https://careers.godeltech.com/
Hexact,https://hexact.io,https://hexact.io/careers/
Hexlet,https://career.hexlet.io,https://career.hexlet.io/
Hostinger,https://www.hostinger.com,https://www.hostinger.com/career
IBA Group,https://ibagroupit.com,https://ibagroupit.com/career/
IBA Lithuania,https://careers.iba-worldwide.com,https://careers.iba-worldwide.com/
Inbank,https://inbank.eu,https://inbank.eu/careers
Influ2,https://jobs.lever.co,https://jobs.lever.co/influ2
Innovecs,https://jobs.innovecs.com,https://jobs.innovecs.com/
Insilico Medicine,https://insilico.com,https://insilico.com/careers
Intellias,https://career.intellias.com,https://career.intellias.com/
iSpring,https://www.ispring.ru,https://www.ispring.ru/company/jobs/vacancies
ISPSystem,https://job.ispsystem.ru,https://job.ispsystem.ru/vacancies
JET,https://careers.jetshr.com.br,https://careers.jetshr.com.br/jobs
Jooble,https://careers.jooble.com,https://careers.jooble.com/jobs
Jusan Mobile,https://jusanmobile.kz,https://jusanmobile.kz/en/hr
KeepSolid,https://www.keepsolid.com,https://www.keepsolid.com/career
Kilo Health,https://kilo.co,https://kilo.co/career/
Klix.eu,https://www.citadele.lv,https://www.citadele.lv/en/career/
Lemon AI,https://lemon-ai.com,https://lemon-ai.com/join-us
Lingvist,https://lingvist.com,https://lingvist.com/jobs/
MacPaw,https://macpaw.com,https://macpaw.com/careers
Mailtrap,https://railsware.com,https://railsware.com/careers/
MakeCommerce (Maksekeskus),https://make-commerce.com,https://make-commerce.com/en/career
Mate Academy,https://mate.academy,https://mate.academy/en/career
MGID,https://careers.mgid.com,https://careers.mgid.com/
Miratech,https://www.miratechgroup.com,https://www.miratechgroup.com/career/
MobiDev,https://mobidev.biz,https://mobidev.biz/vacancies
Momentus,https://gomomentus.com,https://gomomentus.com/careers
Monobank,https://monobank.ua,https://monobank.ua/en/careers
Montonio,https://careers.montonio.com,https://careers.montonio.com/jobs
N-iX,https://careers.n-ix.com,https://careers.n-ix.com/
Netpeak Group,https://netpeak-group-career.webflow.io,https://netpeak-group-career.webflow.io/en/all-vacancies-en
NIX United,https://nix-united.com,https://nix-united.com/careers/
Nortal,https://careers.nortal.com,https://careers.nortal.com/open-positions/
Noventiq (Softline intl.),https://careers.noventiq.com,https://careers.noventiq.com/
OBRIO (Nebula),https://obrio.co,https://obrio.co/en/career
Osavul,https://www.osavul.cloud,https://www.osavul.cloud/careers-osavul
OWOX BI,https://www.owox.com,https://www.owox.com/company/team/join-us
Oxagile,https://career.oxagile.com,https://career.oxagile.com/
Parallels,https://www.parallels.com,https://www.parallels.com/careers/
Paysend,https://paysend.com,https://paysend.com/careers
Paysera,https://www.paysera.com,https://www.paysera.com/v2/en/career
PeopleForce,https://team.peopleforce.io,https://team.peopleforce.io/careers
Petcube,https://petcube.com,https://petcube.com/careers/
Promobot,https://promo-bot.ru,https://promo-bot.ru/vacancy/
PromoRepublic,https://promorepublic.com,https://promorepublic.com/en/careers/
Promova (Boosters),https://getpromova.com,https://getpromova.com/join-us-were-hiring/
PROMT,https://www.promt.ru,https://www.promt.ru/company/vacancies/
R-Pharm,https://career.rpharm.com,https://career.rpharm.com/vacancies
Railsware,https://railsware.com,https://railsware.com/careers/
Readdle,https://readdle.com,https://readdle.com/careers
Reface (Neocortext),https://reface.ai,https://reface.ai/hiring
Reply.io,https://reply.io,https://reply.io/careers/
Respeecher,https://www.respeecher.com,https://www.respeecher.com/careers
Restream,https://jobs.ashbyhq.com,https://jobs.ashbyhq.com/restream
Runa Capital,https://talent.runacap.com,https://talent.runacap.com/jobs
SaM Solutions,https://www.sam-solutions.com,https://www.sam-solutions.com/career/
ScienceSoft,https://www.scnsoft.com,https://www.scnsoft.com/about/careers
Scoro,https://careers.scoro.com,https://careers.scoro.com/jobs
SE Ranking,https://seranking.com,https://seranking.com/careers.html
Selectel,https://selectel.ru,https://selectel.ru/careers/all/
Sendpulse,https://careers.sendpulse.com,https://careers.sendpulse.com/
Serpstat,https://serpstat.com,https://serpstat.com/career/
Sigma Software,https://career.sigma.software,https://career.sigma.software/what-we-offer/vacancies/
SKELAR,https://jobs.ashbyhq.com,https://jobs.ashbyhq.com/SKELAR/
Skeleton Technologies,https://www.skeletontech.com,https://www.skeletontech.com/careers
Skylum,https://skylum.com,https://skylum.com/careers
SOC Prime,https://socprime.com,https://socprime.com/careers/
Softeq,https://www.softeq.com,https://www.softeq.com/careers
SoftServe,https://career.softserveinc.com,https://career.softserveinc.com/en-us/vacancies
Solidgate,https://solidgate.com,https://solidgate.com/careers/
Spendbase,https://spendbase.peopleforce.io,https://spendbase.peopleforce.io/careers
Starship Technologies,https://www.starship.xyz,https://www.starship.xyz/careers/
Stepik,https://welcome.stepik.org,https://welcome.stepik.org/ru/careers
Surfshark,https://surfshark.com,https://surfshark.com/career
Synergy International Systems,https://www.synisys.com,https://www.synisys.com/careers/
Synesis,https://synesis-group.com,https://synesis-group.com/en/vacancy/
TEAM International,https://www.teaminternational.com,https://www.teaminternational.com/en/careers/open-positions
Tilda,https://tilda.freshteam.com,https://tilda.freshteam.com/jobs
Toggl,https://toggl.com,https://toggl.com/jobs/
TransferGo,https://www.transfergo.com,https://www.transfergo.com/careers
Vention Development,https://join.ventionteams.com,https://join.ventionteams.com/job-openings
VEON (VimpelCom),https://www.veon.com,https://www.veon.com/join-us
Veriff,https://www.veriff.com,https://www.veriff.com/careers/open-positions
Vinted,https://careers.vinted.com,https://careers.vinted.com/
Viseven,https://viseven.com,https://viseven.com/careers/
VisionLabs,https://visionlabs.com,https://visionlabs.com/careers/
Worksection,https://worksection.com,https://worksection.com/en/team-join.html
Xolo,https://www.xolo.io,https://www.xolo.io/zz-en/careers
XTX Markets,https://www.xtxmarkets.com,https://www.xtxmarkets.com/careers/
ZeroTurnaround (JRebel),https://www.perforce.com,https://www.perforce.com/careers
