Name,From,Site,ATS,Slug,Board name,Confidence,Jobs,Marketing,Sample
Allformance,LinkedIn (основной),https://allformance.com/jobs,,,,нет,,,
Brickell Digital,LinkedIn (основной),https://brickelldigital.com,,,,нет,,,
CURVES,LinkedIn (основной),https://curves.design,,,,нет,,,
Cloudaware,LinkedIn (основной),https://cloudaware.com,,,,нет,,,
DataNever Lies,LinkedIn (основной),https://data-never-lies.com,,,,нет,,,
Dbrain,LinkedIn (основной),https://dbrain.io,,,,нет,,,
DeckRobot,LinkedIn (основной),https://deckrobot.com,,,,нет,,,
Delightex,LinkedIn (основной),https://delightex.com,,,,нет,,,
Doge Flat,LinkedIn (основной),https://dogeflat.com,,,,нет,,,
EMEX,LinkedIn (основной),https://emex.com,,,,нет,,,
Ecoplatform,LinkedIn (основной),https://ecoplatform.tech,,,,нет,,,
Elementaree,LinkedIn (основной),https://elementaree.ru,,,,нет,,,
Enty.io,LinkedIn (основной),https://enty.io,,,,нет,,,
Geeklama,LinkedIn (основной),https://geeklama.com,,,,нет,,,
Green Growth,LinkedIn (основной),,,,,нет,,,
Grintern,LinkedIn (основной),https://grintern.ru,SmartRecruiters,grintern,Grintern,board,1,0,Test (Los Gatos)
Grintern,LinkedIn (основной),https://grintern.ru,Teamtailor,grintern,Hire5,чужая,9,0,CRE Analyst at UC Funds () | Property Manager at UC Funds (Remote) () | Product Manager / Analyst — Analytics & ML () | Recruiter at Hire5 — a California-based company helping global talent build careers at US startups (remote) ()
Headroom Inc.,LinkedIn (основной),https://headroom.com,,,,нет,,,
Immcore,LinkedIn (основной),https://immcore.com,,,,нет,,,
KateMedia,LinkedIn (основной),https://katemedia.eu,,,,нет,,,
Kewazo,LinkedIn (основной),https://kewazo.com,,,,нет,,,
Liepa Limited,LinkedIn (основной),https://liepa.ltd,,,,нет,,,
Maildoso,LinkedIn (основной),https://maildoso.com,,,,нет,,,
Mento.vc,LinkedIn (основной),https://mento.vc,Ashby,mento,,check,27,1,AI Engineer (Remote) | Finance Coach (VP+) (Remote) | People Operations Coach (SVP or C-suite) (Remote) | Chief Legal Officer/General Counsel Coach (Remote)
Minders studio,LinkedIn (основной),https://minders.studio,Lever,minders,,check,14,1,Account Executive (São Paulo) | Account Executive (CDMX) | Account Executive Sr. (São Paulo) | Enterprise Account Executive Senior (São Paulo)
Movchan's Group,LinkedIn (основной),https://movchans.com,,,,нет,,,
NeuraLoom,LinkedIn (основной),https://neuraloom.ai,,,,нет,,,
Nuanu,LinkedIn (основной),https://nuanu.com,,,,нет,,,
OneSoil,LinkedIn (основной),https://onesoil.ai,,,,нет,,,
Overhood,LinkedIn (основной),https://over-hood.com,,,,нет,,,
PharmBonus,LinkedIn (основной),https://pharmbonus.com,,,,нет,,,
Placy,LinkedIn (основной),https://placy.ai,,,,нет,,,
Pygmation At,LinkedIn (основной),https://pygmalion.ai,,,,нет,,,
RED,LinkedIn (основной),,,,,нет,,,
Rhino,LinkedIn (основной),,Teamtailor,rhino,Diamond,чужая,100,5,Sales executive soluzioni salute () | Addetto/a commerciale territoriale per sistemi pausa lavoro () | Addetto/a Informazione Qualità Vita () | Direttore Commerciale - Sistemi Comfort Notturno ()
Rork,LinkedIn (основной),https://rork.com,,,,нет,,,
SLSBMB,LinkedIn (основной),https://slsbmb.com,,,,нет,,,
SODA.Auto,LinkedIn (основной),https://soda.auto,,,,нет,,,
Sally - AI Sales Representative,LinkedIn (основной),https://getsally.io,,,,нет,,,
Tabula,LinkedIn (основной),https://tabula.io,,,,нет,,,
Teralytics,LinkedIn (основной),https://teralytics.net,,,,нет,,,
Unleashing AI,LinkedIn (основной),,,,,нет,,,
Victa,LinkedIn (основной),,,,,нет,,,
Wayvee,LinkedIn (основной),https://wayvee.com,,,,нет,,,
Wonder Family,LinkedIn (основной),https://wonderfamily.com,,,,нет,,,
Yolla,LinkedIn (основной),https://yollacalls.com,,,,нет,,,
Zarta,LinkedIn (основной),,,,,нет,,,
ifarm,LinkedIn (основной),https://ifarm.fi,,,,нет,,,
ornament,LinkedIn (основной),https://getornament.com,,,,нет,,,
3F Venture,LinkedIn (основной),,,,,нет,,,
110 Industries,LinkedIn (основной),,,,,нет,,,
Ace,LinkedIn (основной),,Recruitee,ace,ACE Company BV,чужая,5,0,"Manager Regulatory Reporting (Amsterdam, Noord-Holland, Nederland) | Seasoned Change Professional (Amsterdam, Noord-Holland, Nederland) | Manager Financial Risk (Amsterdam, Noord-Holland, Nederland) | Manager in Responsible AI (Amsterdam, Noord-Holland, Nederland)"
AdTech Holding,LinkedIn (основной),,BambooHR,adtechholding,,slug,4,0,Business Development Manager (Limassol) | Publisher Partnerships Manager (Limassol) | Traffic Acquisition Manager (Limassol) | Business Development Manager (China Team) (None)
Acclaim AI,LinkedIn (основной),,,,,нет,,,
All3,LinkedIn (основной),,,,,нет,,,
Almanax - Education Architecture,LinkedIn (основной),,,,,нет,,,
Altegio,LinkedIn (основной),,,,,нет,,,
Altenar,LinkedIn (основной),,BambooHR,altenar,,slug,15,0,Senior Go Developer (St Julians) | Service Management Coordinator (St Julians) | Information Security Analyst (St Julians) | Database Developer (MongoDB) (St Julians)
Altoros,LinkedIn (основной),,,,,нет,,,
amma pregnancy tracker,LinkedIn (основной),,,,,нет,,,
Anymaster,LinkedIn (основной),,,,,нет,,,
Arrival,LinkedIn (основной),,,,,нет,,,
Aurora First,LinkedIn (основной),,,,,нет,,,
Babylon Voice,LinkedIn (основной),https://wellfound.com/company/manan-ai/jobs,,,,нет,,,
BCraft Software,LinkedIn (основной),,,,,нет,,,
Beau,LinkedIn (основной),https://www.ycombinator.com/companies/beau/jobs/,Ashby,ycombinator,,check,9,0,"Product Engineer, Internal Tools (San Francisco Bay Area) | Product Engineer, Bookface (San Francisco Bay Area) | Software Product Design Engineer (San Francisco Bay Area) | Investment Associate & Product Engineer (San Francisco Bay Area)"
Boomerangme,LinkedIn (основной),,,,,нет,,,
Brask AI,LinkedIn (основной),,,,,нет,,,
Brickit,LinkedIn (основной),,,,,нет,,,
Browsec,LinkedIn (основной),,,,,нет,,,
BuildBuild,LinkedIn (основной),,,,,нет,,,
Cartwheel,LinkedIn (основной),,,,,нет,,,
Cattle Care,LinkedIn (основной),,,,,нет,,,
Diagnocat,LinkedIn (основной),,,,,нет,,,
Dubformer,LinkedIn (основной),,,,,нет,,,
Endel,LinkedIn (основной),,Teamtailor,endel,ALTRAD ENDEL,чужая,100,0,Chef de Chantier Soudage et Tuyauterie (H/F) () | Chef d'Équipe Mécanique Machines Tournantes (H/F) () | Contrôleur Qualité Terrain (H/F) () | Chef d'équipe Robinetterie (H/F) ()
Ex-human,LinkedIn (основной),,,,,нет,,,
Nozomi - Digital Health Product Studio,LinkedIn (основной),https://studio.nozomihealth.com/about-us,,,,нет,,,
StakeWise,LinkedIn (основной),https://wellfound.com/company/stakewise/jobs,,,,нет,,,
Handl.ai,LinkedIn (основной),https://www.ycombinator.com/companies/handl,Ashby,ycombinator,,check,9,0,"Product Engineer, Internal Tools (San Francisco Bay Area) | Product Engineer, Bookface (San Francisco Bay Area) | Software Product Design Engineer (San Francisco Bay Area) | Investment Associate & Product Engineer (San Francisco Bay Area)"
Prequel,LinkedIn (основной),https://www.ycombinator.com/companies/prequel/jobs,Ashby,ycombinator,,check,9,0,"Product Engineer, Internal Tools (San Francisco Bay Area) | Product Engineer, Bookface (San Francisco Bay Area) | Software Product Design Engineer (San Francisco Bay Area) | Investment Associate & Product Engineer (San Francisco Bay Area)"
SOAX,LinkedIn (основной),,SmartRecruiters,soax,SOAX,board,1,0,Golang Developer (Moscow)
Serpstat,LinkedIn (основной),https://serpstat.com/,,,,нет,,,
AI Factory,LinkedIn (основной),https://www.snap.com/en-US/jobs,Ashby,factory,,check,52,4,"People Operations (San Francisco, CA) | Software Engineer, AI (San Francisco, CA) | Software Engineer, Fullstack (San Francisco, CA) | Solutions Engineer, Enterprise, West   (San Francisco, CA)"
Aola,LinkedIn (основной),https://aola.ai/,,,,нет,,,
Apix-Drive,LinkedIn (основной),https://www.linkedin.com/company/apix-drive-com/jobs/,,,,нет,,,
Augmented Pixels,LinkedIn (основной),https://wellfound.com/company/augmented-pixels,,,,нет,,,
Awario,LinkedIn (основной),https://www.linkedin.com/company/awar-io/jobs/,,,,нет,,,
Between,LinkedIn (основной),не нашла,,,,нет,,,
Claspo,LinkedIn (основной),https://www.linkedin.com/company/claspo/jobs/,,,,нет,,,
CS-Cart,LinkedIn (основной),https://marketplace.cs-cart.com/job-board.html,,,,нет,,,
Dauria Aerospace,LinkedIn (основной),https://hh.ru/employer/1187939,,,,нет,,,
Djinni,LinkedIn (основной),https://djinni.co/jobs/?company=djinni,,,,нет,,,
DST Global,LinkedIn (основной),https://www.linkedin.com/jobs/dst-global-jobs,,,,нет,,,
Elfsight,LinkedIn (основной),https://h.careers/jobs/company/elfsight-inc,,,,нет,,,
Esper Bionics,LinkedIn (основной),https://jobs.dou.ua/companies/esper-bionics/,,,,нет,,,
Fort Ross Ventures,LinkedIn (основной),https://www.linkedin.com/company/fort-ross-ventures,,,,нет,,,
Gagarin Capital,LinkedIn (основной),не нашла,,,,нет,,,
GetProspect,LinkedIn (основной),https://jobs.dou.ua/companies/getprospect/,,,,нет,,,
Glossai,LinkedIn (основной),https://www.linkedin.com/company/glossai/jobs/,,,,нет,,,
GridGain Systems,LinkedIn (основной),https://builtin.com/company/gridgain-3/jobs,Greenhouse,builtin,Built In,чужая,2,0,"Customer Engagement Manager, SMB (Chicago ) | Enterprise Account Executive (Chicago)"
HelpCrunch,LinkedIn (основной),https://wellfound.com/company/helpcrunch/jobs,,,,нет,,,
Hideez,LinkedIn (основной),https://jobs.dou.ua/companies/hideez-group-inc/,,,,нет,,,
Ivideon,LinkedIn (основной),https://hh.ru/employer/705624,,,,нет,,,
Jivo,LinkedIn (основной),https://www.linkedin.com/company/jivosite,,,,нет,,,
Jome (NewHomesMate),LinkedIn (основной),https://www.indeed.com/cmp/Jome-2,,,,нет,,,
Leavingstone,LinkedIn (основной),https://ge.linkedin.com/company/leavingstone,,,,нет,,,
Looksery,LinkedIn (основной),https://www.snap.com/en-US/jobs,,,,нет,,,
Maps.me (MAPS.ME),LinkedIn (основной),https://www.linkedin.com/company/mapsme,,,,нет,,,
MSQRD,LinkedIn (основной),https://www.metacareers.com/,,,,нет,,,
NetHunt CRM,LinkedIn (основной),https://jobs.dou.ua/companies/nethunt-crm/,,,,нет,,,
Neural Love,LinkedIn (основной),https://www.linkedin.com/company/neural-love/,,,,нет,,,
Noosphere Ventures,LinkedIn (основной),https://www.linkedin.com/company/noosphere-venture-partners,,,,нет,,,
NtechLab,LinkedIn (основной),https://hh.ru/employer/2328032,,,,нет,,,
Plerdy,LinkedIn (основной),https://wellfound.com/company/plerdy/jobs,,,,нет,,,
Printify,LinkedIn (основной),https://www.linkedin.com/jobs/printify-jobs-worldwide,,,,нет,,,
Safe Superintelligence (SSI),LinkedIn (основной),https://ssi.inc/,,,,нет,,,
Snov.io,LinkedIn (основной),https://www.linkedin.com/jobs/snov.io-jobs-worldwide,,,,нет,,,
SpeechPro (Speech Technology Center),LinkedIn (основной),https://www.linkedin.com/company/speech-technology-center,,,,нет,,,
Stripo,LinkedIn (основной),https://www.linkedin.com/company/stripo,,,,нет,,,
Target Global,LinkedIn (основной),https://jobsinvc.getro.com/companies/target-global-2,BambooHR,targetglobal,,slug,1,0,Speculative CVs (Berlin)
TemplateMonster,LinkedIn (основной),https://www.linkedin.com/company/template-monster,,,,нет,,,
Tiggy,LinkedIn (основной),https://ca.indeed.com/cmp/Go-Tiggy-1,,,,нет,,,
Uploadcare,LinkedIn (основной),https://www.linkedin.com/company/uploadcare,,,,нет,,,
Wonderway,LinkedIn (основной),https://de.linkedin.com/company/wonderwaysales,,,,нет,,,
Yalantis,LinkedIn (основной),https://jobs.dou.ua/companies/yalantis/vacancies/,,,,нет,,,
Albums,LinkedIn (музтех),https://www.albums.app/en,,,,нет,,,
ALLOY,LinkedIn (музтех),https://www.alloy.music,Greenhouse,alloy,Alloy,board,24,0,"Account Executive, Banking & Credit Unions (Remote) | Account Executive, Enterprise (Remote) | Channel Operations Manager (New York City) | Engineering Manager, Developer Experience (New York City)"
ALLOY,LinkedIn (музтех),https://www.alloy.music,Lever,alloy,,check,7,0,"Customer Success - Enterprise Engagement Manager (Washington, DC) | Customer Success - Enterprise Engagement Manager (Vancouver, BC) | Customer Success - Enterprise Engagement Manager (Denver, CO) | Data Engineer (Washington, DC)"
Alphabeats,LinkedIn (музтех),https://www.listenalphabeats.com,,,,нет,,,
Anotherblock,LinkedIn (музтех),https://anotherblock.com,,,,нет,,,
ARK,LinkedIn (музтех),https://myarkapp.com,Greenhouse,ark,Ark Veterinary Hospital & Urgent Care,чужая,4,0,"DVM Student Externship/Preceptorship Program — Ark Veterinary Hospital (Urgent Care) (Henrietta, New York, United States) | Licensed Veterinary Technician (Henrietta, New York, United States) | Urgent Care Veterinarian (Henrietta, New York, United States) | Veterinary Receptionist (Henrietta, New York, United States)"
Artelize,LinkedIn (музтех),https://artelize.com,,,,нет,,,
Artist Growth,LinkedIn (музтех),https://www.artistgrowth.com,,,,нет,,,
ArtMaster,LinkedIn (музтех),,,,,нет,,,
Audiotool,LinkedIn (музтех),https://www.audiotool.com,,,,нет,,,
AWAL,LinkedIn (музтех),https://www.awal.com,,,,нет,,,
Base For Music,LinkedIn (музтех),https://www.baseformusic.com/en,,,,нет,,,
Baton,LinkedIn (музтех),https://baton.media,Ashby,baton,,check,2,0,Senior Software Engineer (New York City) | Software Engineer (New York City)
Baton,LinkedIn (музтех),https://baton.media,Greenhouse,baton,Baton (A Ryder Technology Lab),чужая,7,0,"Senior Product Manager, Machine Learning (San Francisco, California, United States) | Software Engineer - Data Platform (San Francisco, California, United States) | Software Engineer - Full Stack, Product Engineering  (San Francisco, California, United States) | Software Engineer - Infrastructure, Data Platform (San Francisco, California, United States)"
Beam for Music,LinkedIn (музтех),https://beamformusic.com,,,,нет,,,
Beatdapp,LinkedIn (музтех),https://beatdapp.com,,,,нет,,,
Beatoven.ai,LinkedIn (музтех),https://www.beatoven.ai,,,,нет,,,
Bolero,LinkedIn (музтех),https://www.boleromusic.com,,,,нет,,,
Breakr,LinkedIn (музтех),https://www.breakr.app,,,,нет,,,
Chartex,LinkedIn (музтех),https://chartex.com,,,,нет,,,
Closer Music,LinkedIn (музтех),https://closermusic.com,,,,нет,,,
Condense,LinkedIn (музтех),https://condense.live,,,,нет,,,
Connected,LinkedIn (музтех),https://www.connectedartists.com,,,,нет,,,
Creative Covenant,LinkedIn (музтех),https://thecovenantcreative.com,,,,нет,,,
CRESQA,LinkedIn (музтех),https://cresqa.com,,,,нет,,,
Ctrl+Reach,LinkedIn (музтех),https://www.ctrlreach.co,,,,нет,,,
Ditto Music,LinkedIn (музтех),https://dittomusic.com/en,,,,нет,,,
EDGE Sound Research,LinkedIn (музтех),https://www.edgesoundresearch.com,,,,нет,,,
EVEN,LinkedIn (музтех),https://www.even.biz,,,,нет,,,
Forte,LinkedIn (музтех),https://fortelessons.com,Teamtailor,forte,Forte,board,3,0,Senior Technical Architect () | Utvikler () | Data Engineer og AI-utvikler ()
Giide,LinkedIn (музтех),https://www.giide.com,,,,нет,,,
Groover,LinkedIn (музтех),https://groover.co/en,,,,нет,,,
Halbestunde,LinkedIn (музтех),https://halbestunde.com,,,,нет,,,
Hangout FM (prev. Turntable LIVE),LinkedIn (музтех),https://www.hangout.fm,,,,нет,,,
Hawkr,LinkedIn (музтех),https://www.hawkrlive.com,,,,нет,,,
Highnote,LinkedIn (музтех),https://www.highnote.fm,Greenhouse,highnote,Highnote,board,5,0,"Enterprise Customer Success Manager (San Francisco, California) | Head of Finance (San Francisco, California ) | Principal Software Engineer - Data Platform (San Francisco) | Senior Account Executive - Issuing (Remote)"
Hook,LinkedIn (музтех),https://www.hookworld.io,Greenhouse,hook,Hook,board,6,0,Associate Design Director (Remote) | Join our Freelance Community (To be considered for future open positions) | Join our Full-time Community (To be considered for future open positions) | Senior Art Director (Remote)
Hook,LinkedIn (музтех),https://www.hookworld.io,Ashby,hook,,check,4,0,Senior Fullstack Engineer (London) | Technical Implementation Consultant (London) | Account Manager (London) | Customer Success Manager (London)
HustleSasa,LinkedIn (музтех),https://hustlesasa.com,,,,нет,,,
Indify,LinkedIn (музтех),https://www.indify.io,,,,нет,,,
Killphonic Rights,LinkedIn (музтех),https://direct.killphonicrights.com,,,,нет,,,
La Cupula Music,LinkedIn (музтех),https://www.lacupulamusic.com,,,,нет,,,
Labelcamp,LinkedIn (музтех),https://labelcamp.io,,,,нет,,,
Labelgrid,LinkedIn (музтех),https://labelgrid.com,,,,нет,,,
Longform.ai,LinkedIn (музтех),https://longform.ai,,,,нет,,,
Magroove,LinkedIn (музтех),https://artists.magroove.com,,,,нет,,,
MasterExchange,LinkedIn (музтех),https://www.masterexchange.com,,,,нет,,,
Medallion,LinkedIn (музтех),https://www.medallion.fm,,,,нет,,,
Mellomanic,LinkedIn (музтех),https://mellomanic.com,,,,нет,,,
MNGRS.AI,LinkedIn (музтех),https://www.mngrs.ai,,,,нет,,,
Mogul,LinkedIn (музтех),https://www.usemogul.com,,,,нет,,,
Mood,LinkedIn (музтех),https://www.musicofourdesire.com,,,,нет,,,
Moombix,LinkedIn (музтех),https://www.moombix.com,,,,нет,,,
Musical AI,LinkedIn (музтех),https://www.wearemusical.ai,,,,нет,,,
Nexro,LinkedIn (музтех),https://www.nexro.io,,,,нет,,,
Nitrility,LinkedIn (музтех),https://www.nitrility.com,,,,нет,,,
ODD,LinkedIn (музтех),https://oddballism.com/en-us,,,,нет,,,
Overtune,LinkedIn (музтех),https://www.overtune.com,,,,нет,,,
Pianity,LinkedIn (музтех),https://pianity.com,,,,нет,,,
PUSH.fm,LinkedIn (музтех),https://push.fm,,,,нет,,,
Revoize,LinkedIn (музтех),https://revoize.com,,,,нет,,,
Ringo,LinkedIn (музтех),https://www.thisisringo.com,,,,нет,,,
Saarey,LinkedIn (музтех),https://www.saareymusic.com,,,,нет,,,
Sesh,LinkedIn (музтех),,,,,нет,,,
Setmixer,LinkedIn (музтех),https://www.setmixer.com,,,,нет,,,
Showcase,LinkedIn (музтех),https://www.showcasedaily.com,,,,нет,,,
Slingshot,LinkedIn (музтех),https://slingshot.fm,,,,нет,,,
Softside,LinkedIn (музтех),https://beta.softsidemerch.com,,,,нет,,,
Sona,LinkedIn (музтех),https://sona.stream,Ashby,sona,,check,15,0,"Senior Software Engineer (Elixir) (Remote - UK/Europe) | Business Development Representative (London) | Business Development Representative (New York) | Founding Talent Partner (GTM), US (New York)"
Songclip,LinkedIn (музтех),https://www.songclip.com,,,,нет,,,
SongPush,LinkedIn (музтех),https://www.songpush.com,,,,нет,,,
Sound,LinkedIn (музтех),https://www.sound.xyz,,,,нет,,,
SoundBirth,LinkedIn (музтех),https://www.sound-birth.com,,,,нет,,,
Soundcharts,LinkedIn (музтех),https://soundcharts.com,,,,нет,,,
Soundful,LinkedIn (музтех),https://soundful.com,,,,нет,,,
Soundrop,LinkedIn (музтех),https://soundrop.com,,,,нет,,,
SPOKE,LinkedIn (музтех),https://www.spoke.world,,,,нет,,,
Stanly,LinkedIn (музтех),https://www.stanlyapp.com,,,,нет,,,
Starmony,LinkedIn (музтех),https://www.starmony.io,,,,нет,,,
Strm,LinkedIn (музтех),https://www.strmmusic.ai/en,,,,нет,,,
SUBMIX,LinkedIn (музтех),https://www.submix.io,,,,нет,,,
SymphonyOS,LinkedIn (музтех),https://www.symphonyos.co,,,,нет,,,
SYNCHTANK,LinkedIn (музтех),https://www.synchtank.com,,,,нет,,,
The Pack,LinkedIn (музтех),https://partofthepack.com,,,,нет,,,
Too Lost,LinkedIn (музтех),https://toolost.com,Lever,too-lost,,slug,9,0,A&R Manager (Asia) (New York) | A&R Manager (LATAM) (New York) | A&R Manager (Nashville) (Nashville) | A&R Manager (UK) (UK)
Un:Hurd Music,LinkedIn (музтех),https://www.unhurdmusic.com,,,,нет,,,
Unchained Music,LinkedIn (музтех),https://www.unchainedmusic.io,,,,нет,,,
Unhurd,LinkedIn (музтех),https://www.unhurd.co.uk,,,,нет,,,
Upsound,LinkedIn (музтех),https://upsound.com,,,,нет,,,
Volta,LinkedIn (музтех),https://www.volta-xr.com,Ashby,volta,,check,50,0,"Senior Project Manager - CTO Support (Palo Alto, CA) | Group Program Manager - Technical Programs (Palo Alto, CA) | Group Technical Program Manager  (Palo Alto, CA) | Senior Technical Program Manager (5x Openings) (Palo Alto, CA)"
Wondercraft,LinkedIn (музтех),https://www.wondercraft.ai,,,,нет,,,
Apliteni,"браузер, текст (основной)",https://apliteni.com/#career,,,,нет,,,
Artec 3D,"браузер, текст (основной)",https://careers.artec3d.com/#positions,,,,нет,,,
Autodoc,"браузер, текст (основной)",https://career.autodoc.group/en/,,,,нет,,,
Aviasales,"браузер, сломан (основной)",https://www.aviasales.ru/about/vacancies,,,,нет,,,
Buddy AI,"браузер, текст (основной)",https://buddy.ai/en/careers,Teamtailor,buddy,Buddy AB,board,1,0,Teknisk säljare inom IoT ()
C Teleport,"браузер, текст (основной)",https://cteleport.com/careers/,Teamtailor,cteleport,C Teleport,board,9,1,UX/UI Designer (B2B Travel App) - Remote () | Engineering Manager (Team Lead) - Back Office & Integrations () | Field Marketing Manager () | Marketing Content Specialist ()
CodeSignal,"браузер, текст (основной)",https://jobs.gem.com/codesignal/,,,,нет,,,
Data Driven Lab,"браузер, текст (основной)",https://ddl.com/#vacancies#!/tab/485884296-1,SmartRecruiters,datadriven,Data Driven,board,3,0,Test Connect (Le Plessis-Robinson) | Test (Sceaux) | Test (Sceaux)
Embacy,"браузер, текст (основной)",https://embacy.io/career,,,,нет,,,
Evido,"браузер, текст (основной)",https://job.evido.me/#roles,,,,нет,,,
Evolwe AI,"браузер, сломан (основной)",https://evolwe.ai/join-the-team/#join-the-team,,,,нет,,,
Exactly.аi,"браузер, текст (основной)",https://exactly.ai/career,,,,нет,,,
Farel,"браузер, текст (основной)",https://farel.io/company/about/,Ashby,farel,,check,2,0,"Account Executive, NAM (Vancouver) | Account Executive, Kenya (Nairobi)"
Fibery,"браузер, текст (основной)",https://fibery.com/blog/we-are-hiring/,,,,нет,,,
Flipper Devices,"браузер, текст (основной)",https://flipperdevices.com/jobs/,,,,нет,,,
G5 Entertainment AB,"браузер, текст (основной)",https://jobs.g5.com/remote,,,,нет,,,
Gero,"браузер, текст (основной)",https://www.gero.ai/careers,,,,нет,,,
Glam,"браузер, текст (основной)",https://glam.ai/join-us,,,,нет,,,
GPU AUDIO,"браузер, текст (основной)",https://www.gpu.audio/jobs,,,,нет,,,
Haut.AI,"браузер, текст (основной)",https://haut.ai/company/careers,Ashby,haut-ai,,slug,4,0,Lead Product Manager (Remote) | Head of Customer Success (Remote) | Enterprise Account Manager (Remote) | Account Executive (Remote)
HerculesAI,"браузер, текст (основной)",https://www.hercules.ai/careers,Ashby,hercules,,check,23,2,"Technical Customer Support Engineer, North America (Remote - North America) | Head of Performance Marketing  (Remote - North America) | Social Media Manager (San Francisco) | Creator Partnerships Lead (San Francisco)"
HerculesAI,"браузер, текст (основной)",https://www.hercules.ai/careers,Pinpoint,hercules,,check,4,2,Head of DEI - UK (London) | Marketing Manager (Paris) | Customer Service Rep (New York) | Marketing Executive (Paris)
i-BrainTech,"браузер, текст (основной)",https://www.i-brain.tech/careers,,,,нет,,,
Innowise,"браузер, текст (основной)",https://innowise.com/careers/,,,,нет,,,
Laoshi,"браузер, текст (основной)",https://laoshi.io/careers/,,,,нет,,,
ManyChat,"браузер, текст (основной)",https://careers.manychat.com/positions,Ashby,manychat,,slug,17,0,"Engineering Manager, Billing & Accounts (Barcelona, Spain) | Senior Python Engineer, Billing & Accounts (Amsterdam, Netherlands) | Head of Affiliate Partnerships (Austin, US) | Staff Site Reliability Engineer — AI Platform (Amsterdam, Netherlands)"
ManyChat,"браузер, текст (основной)",https://careers.manychat.com/positions,Pinpoint,manychat,,slug,4,1,"Head of Social (Amsterdam) | Senior Engineering Manager (Barcelona) | Senior Partner Development Manager, Meta (Austin, TX) | Marketing Executive (Sao Paulo)"
Meracux,"браузер, текст (основной)",https://mercaux.com/careers.html,,,,нет,,,
MigRun,"браузер, текст (основной)",https://www.migrun.tech/jobs,,,,нет,,,
nGrow,"браузер, текст (основной)",https://www.ngrow.ai/jobs,,,,нет,,,
PandaDoc,"браузер, текст (основной)",https://www.pandadoc.com/careers/#openings,Greenhouse,pandadoc,PandaDoc,board,10,0,"Account Manager, Small Business (Remote (Europe)) | Director of Sales Operations (Remote (USA)) | Principal Product Manager, Document Domain  (Remote (Spain)) | Principal Product Manager, Document Domain  (Remote (Poland))"
PandaDoc,"браузер, текст (основной)",https://www.pandadoc.com/careers/#openings,Pinpoint,pandadoc,,slug,4,0,"Account Manager, Small Business (Remote (Europe)) | Senior Support Operations Manager (Remote (USA)) | Director of Sales Operations (Remote (USA)) | Solutions Engineer (Remote (USA))"
Async,"браузер, текст (основной)",https://async.com/careers,,,,нет,,,
Prisma Labs,"браузер, текст (основной)",https://prisma-ai.com/career,Recruitee,prisma,Prisma,board,63,0,"Matching stage AC buitenprojecten (Raamsdonksveer, Noord-Brabant, Nederland) | Begeleider niveau 5 (Baarle-Nassau, Noord-Brabant, Nederland) | Assistent begeleider (Leerdam, Utrecht, Nederland) | Medewerker crediteurenadministratie (Waalwijk, Noord-Brabant, Nederland)"
Qonversion,"браузер, текст (основной)",https://qonversion.io/jobs#positions,,,,нет,,,
Readymag,"браузер, текст (основной)",https://readymag.com/readymag/careers/,BambooHR,readymag,,slug,4,0,Senior Product Analyst  (None) | senior product designer (None) | PR manager: press & editorial (None) | QA Engineer (None)
Recraft,"браузер, текст (основной)",https://recrafts.webflow.io/career,Ashby,recraft,,slug,6,0,"Senior / Staff  ML Engineer (London, UK) | AI Designer (Remote) | Design Copywriter (Remote) | Account Executive, API — Mid-Market & Enterprise (London, UK)"
Recraft,"браузер, текст (основной)",https://recrafts.webflow.io/career,Greenhouse,webflow,Webflow,чужая,24,1,"Account Executive, EMEA (Germany) (London, U.K. (Hybrid)) | Corporate Account Executive - East (CA Remote (BC & ON only); U.S. Remote) | Corporate Account Executive - West (CA Remote (BC & ON only); U.S. Remote) | IT Support Specialist (Argentina Remote)"
Renderforest,"браузер, текст (основной)",https://www.renderforest.com/careers,,,,нет,,,
Right Balance,"браузер, текст (основной)",https://rightbalance.io/join,,,,нет,,,
Softswiss,"браузер, текст (основной)",https://careers.softswiss.com/vacancies/,Teamtailor,softswiss,SOFTSWISS,board,59,1,IT Support Engineer L1 - Junior () | PSP Support Agent – Junior () | Integration Manager – Middle () | Setup Manager - Junior ()
SPARKLO,"браузер, текст (основной)",https://www.sparklo.com/company,,,,нет,,,
Spryker,"браузер, текст (основной)",https://spryker.com/career/open-positions,,,,нет,,,
UCRAFT,"браузер, текст (основной)",https://jobs.ucraft.com/jobs/Careers,,,,нет,,,
Valiotti Analytics,"браузер, текст (основной)",https://valiotti.com/open-roles/,,,,нет,,,
Web Design Sun,"браузер, текст (основной)",https://www.webdesignsun.com/careers,,,,нет,,,
SleepDoctor,"браузер, текст (основной)",https://sleepdoctor.fr/en/careers#rec410830276,Greenhouse,sleepdoctor,Sleep Doctor,board,3,0,Nurse Practitioner (Sleep Medicine) (Remote) |  People Operations Manager  (Remote) | Physician Assistant (Sleep Medicine) (Remote)
DigiFabster,"браузер, текст (основной)",https://digifabster.com/careers/,,,,нет,,,
Welltory,"браузер, текст (основной)",https://wantapply.com/company/welltory,SmartRecruiters,welltory,Welltory,board,1,0,Monitoring Engeneer (Saint Petersburg)
Welltory,"браузер, текст (основной)",https://wantapply.com/company/welltory,BambooHR,welltory,,slug,1,0,Open Application (None)
Exactpro,"браузер, текст (основной)",https://careers.exactpro.com/careers?location=All&area=All&level=All,,,,нет,,,
IZDAT Venture Studio,"браузер, текст (основной)",https://jobs.cvviz.com/izdatcom,,,,нет,,,
Toughbyte,"браузер, текст (основной)",https://www.toughbyte.com/positions,,,,нет,,,
Revolut,"браузер, текст (основной)",https://www.revolut.com/careers,,,,нет,,,
Owlcat,"браузер, текст (основной)",https://owlcat.games/careers,,,,нет,,,
BostonGene,"браузер, текст (основной)",https://bostongene.com/careers,,,,нет,,,
DonateOpen,"браузер, текст (основной)",https://donateopen.com/careers,,,,нет,,,
Ennabl,"браузер, текст (основной)",https://ennabl.ai/careers,,,,нет,,,
Garage IT,"браузер, текст (основной)",https://gara.ge/careers/,,,,нет,,,
Gaviti,"браузер, текст (основной)",https://gaviti.com/careers/,,,,нет,,,
Orion Innovation,"браузер, текст (основной)",https://www.orioninnovation.com/careers/job/,Greenhouse,orioninnovation,Orion Innovation,board,58,1,"206107 - Support Engineer ( Bucharest, Romania) | 206266 - Senior Consultant  (Global) | 206422 - Solution Architect (Montréal, Quebec, Canada) | 206428 - Recruiter (Mexico City, Mexico City, Mexico)"
Pixel Point,"браузер, текст (основной)",https://pixelpoint.notion.site/join-the-team,,,,нет,,,
Realytics,"браузер, текст (основной)",https://realytics.ai/careers,,,,нет,,,
Remedy Logic,"браузер, текст (основной)",https://remedylogic.com/careers,,,,нет,,,
Visaright,"браузер, текст (основной)",https://visaright.com/careers,,,,нет,,,
Zesty,"браузер, текст (основной)",https://zesty.co/careers/,,,,нет,,,
DoubleCloud,"браузер, текст (основной)",https://double.cloud/company/careers.html,Ashby,double,,check,4,0,Customer Success Manager (Remote) | SDR (Sales Development Representative) (United States (Remote)) | Senior Fullstack Engineer (ARG based only) (Buenos Aires) | Implementation Specialist (New York Office (or Remote))
Lunchelub,"браузер, текст (основной)",https://lunchclub.com/careers,,,,нет,,,
Relogate,"браузер, текст (основной)",https://relogate.com/careers,,,,нет,,,
Slidespiel,"браузер, текст (основной)",https://slidespiel.com/careers,,,,нет,,,
Spiry,"браузер, текст (основной)",https://spiry.ai/careers,,,,нет,,,
whoosh,"браузер, текст (основной)",https://whoosh.bike/job/en,,,,нет,,,
Yandex,"браузер, текст (основной)",https://yandex.com/jobs,Pinpoint,yandex,,slug,5,1,Head of DEI - Belfast (Belfast) | Head of DEI - US (Washington) | Head of DEI - UK (London) | Marketing Manager (Paris)
Zalando,"браузер, текст (основной)",https://zalando.com/careers,,,,нет,,,
Superhuman,"браузер, сломан (основной)",https://superhuman.com/company/careers,,,,нет,,,
Cognigy,"браузер, текст (основной)",https://careers.cognigy.com/,,,,нет,,,
Pixellu,"браузер, текст (основной)",https://careers.pixellu.com,,,,нет,,,
Product Science,"браузер, текст (основной)",https://www.productscience.ai/jobs,,,,нет,,,
Everhour,"браузер, текст (основной)",https://everhour.com/careers,,,,нет,,,
Linked Helper,"браузер, текст (основной)",https://www.linkedhelper.com/careers,,,,нет,,,
Akvelon,"браузер, текст (основной)",https://akvelon.com/careers/,,,,нет,,,
Algonova School,"браузер, текст (основной)",https://app.notion.com/p/myshalov/Senior-Lead-Product-Manager-Growth-2f634a578ffa80fa86f4eb57db968a05,,,,нет,,,
Aspect App,"браузер, текст (основной)",https://www.aspect-health.com/careers,,,,нет,,,
Field Materials,"браузер, текст (основной)",https://fieldmaterials.freshteam.com/jobs,Ashby,fieldmaterials,,slug,5,0,Account Executive (United States) | Sales Development Representative (United States) | Event Marketing Manager (United States) | Senior Software Engineer (Backend) (Europe)
Fluently,"браузер, текст (основной)",https://getfluently.notion.site/2916a9ce04d980018c74d881e05c86cd?v=2916a9ce04d9809999aa000c8b4d88e2,,,,нет,,,
Geex Art,"браузер, сломан (основной)",https://geexarts.notion.site/Careers-9f236198489c4bee9291875b7116c383,,,,нет,,,
Jet Admin,"браузер, текст (основной)",https://jetadmin.notion.site/Join-one-of-the-fastest-growing-No-code-companies-b2a4650246614d95adc6c5fe9b1a99b5,,,,нет,,,
Loóna,"браузер, текст (основной)",https://loonaapp.notion.site/Work-at-Lo-na-fa2a632a634b4bf5967843897e3d09ec?assetsVersion=23.13.20260729.1456&clientBuildTarget=client,,,,нет,,,
Velvetech,"браузер, текст (основной)",https://velvetech.com/careers/,,,,нет,,,
Pure,"браузер, текст (основной)",https://pure.careers.hibob.com/jobs,Ashby,pure,,check,4,0,Founding GTM Leader (Sales) (Los Angeles) | Full Stack Software Engineer (Los Angeles) | Warehouse Technician (Contract-to-Hire) (Los Angeles) | Social Media & Content Lead (Los Angeles)
Pure,"браузер, текст (основной)",https://pure.careers.hibob.com/jobs,SmartRecruiters,hibob,Hibob,чужая,1,0,IT Assistant (London)
Kodland,"браузер, сломан (основной)",https://kodlandcareer.notion.site/kodlandcareer/Jobs-at-Kodland-32dbf4cd9577449bab2a6945f89c47ba,Recruitee,kodland,Kodland,board,62,1,Dijital Tasarım Kursu Eğitmeni | Türkiye (Remote job) | Python Kurs Eğitmeni | Türkiye (Remote job) | Sales Manager Italy self-study (Remote job) | Manager Zajęć Próbnych | Video (Remote job)
Kodland,"браузер, сломан (основной)",https://kodlandcareer.notion.site/kodlandcareer/Jobs-at-Kodland-32dbf4cd9577449bab2a6945f89c47ba,Pinpoint,kodland,,slug,2,0,Tutors Poland (Cyprus) | TCM Turkey (Cyprus)
3DLOOK,"браузер, текст (основной)",https://3dlook.ai/careers/,,,,нет,,,
A1QA,"браузер, текст (основной)",https://career.a1qa.kz/,,,,нет,,,
Admixer Technologies,"браузер, текст (основной)",https://admixer.tech/careers/,,,,нет,,,
Affise,"браузер, текст (основной)",https://affise.com/careers/,,,,нет,,,
AIP Tech,"браузер, текст (основной)",https://aip.tech/careers,,,,нет,,,
Akveo,"браузер, текст (основной)",https://www.akveo.com/careers,,,,нет,,,
Anki,"браузер, текст (основной)",https://anki.bot/pages/job-opportunities,,,,нет,,,
AppMaster.io,"браузер, текст (основной)",https://appmaster.io/career,,,,нет,,,
Bank of Georgia Group (BOG),"браузер, текст (основной)",https://bankofgeorgia.ge/en/about/career/vacancies,SmartRecruiters,bankofgeorgia,Bank of georgia,board,1,0,Developer (Tbilisi)
Cleveron,"браузер, текст (основной)",https://cleveron.com/es/join-the-team/,,,,нет,,,
Cognitive Technologies,"браузер, текст (основной)",https://cognitivepilot.com/about-company/vacancies/,,,,нет,,,
Coupler.io,"браузер, текст (основной)",https://www.couplerhq.com/join-coupler,,,,нет,,,
Dataox,"браузер, текст (основной)",https://dataox.hurma.work/public-vacancies,,,,нет,,,
Depositphotos,"браузер, текст (основной)",https://depositphotos.com/careers.html,,,,нет,,,
DressX,"браузер, текст (основной)",https://store.dressx.com/pages/join-dressx-team,,,,нет,,,
Elai.io,"браузер, текст (основной)",https://elai.io/careers/,,,,нет,,,
Entrust,"браузер, текст (основной)",https://www.entrust.com/company/careers,,,,нет,,,
EOS Data Analytics,"браузер, текст (основной)",https://eos.com/company/careers/,,,,нет,,,
GetIntent,"браузер, текст (основной)",https://getintent.com/en/getintent-vacancies-job-opportunities-in-adtech/,,,,нет,,,
Godel Technologies,"браузер, текст (основной)",https://www.godeltech.com/careers/,,,,нет,,,
Hexact,"браузер, текст (основной)",https://hexact.io/careers/,,,,нет,,,
Hexlet,"браузер, текст (основной)",https://career.hexlet.io/,,,,нет,,,
IBA Group,"браузер, текст (основной)",https://ibagroupit.com/career/,,,,нет,,,
Insilico Medicine,"браузер, текст (основной)",https://insilico.com/careers,,,,нет,,,
KeepSolid,"браузер, текст (основной)",https://www.keepsolid.com/career,,,,нет,,,
Lemon AI,"браузер, текст (основной)",https://lemon-ai.com/join-us,Teamtailor,lemon,Aphiniti,чужая,6,0,PR Account Manager () | Social Media Manager () | Account Executive PR () | Luna _ Corporate Communication ()
MakeCommerce (Maksekeskus),"браузер, текст (основной)",https://make-commerce.com/en/career,,,,нет,,,
Monobank,"браузер, текст (основной)",https://monobank.ua/en/careers,,,,нет,,,
NIX United,"браузер, текст (основной)",https://nix-united.com/careers/,,,,нет,,,
Noventiq (Softline intl.),"браузер, текст (основной)",https://careers.noventiq.com/,Pinpoint,noventiq,,check,4,2,Head of DEI - UK (London) | Marketing Manager (Paris) | Customer Service Rep (New York) | Marketing Executive (Paris)
OWOX BI,"браузер, текст (основной)",https://www.owox.com/company/join-us,,,,нет,,,
Oxagile,"браузер, текст (основной)",https://career.oxagile.com/,,,,нет,,,
Parallels,"браузер, текст (основной)",https://www.parallels.com/careers/,,,,нет,,,
Promobot,"браузер, текст (основной)",https://promo-bot.ru/vacancy/,,,,нет,,,
PromoRepublic,"браузер, текст (основной)",https://promorepublic.com/en/careers/,,,,нет,,,
Promova (Boosters),"браузер, текст (основной)",https://getpromova.com/join-us-were-hiring/,,,,нет,,,
Reply.io,"браузер, текст (основной)",https://reply.io/careers/,Lever,reply,,check,43,0,"Account Executive (Atlanta, Georgia) | Account Executive (Seattle, Washington) | Account Executive (Chicago, Illinois) | Amazon Connect Lead / Sr. Delivery Consultant (Chicago, Illinois)"
Reply.io,"браузер, текст (основной)",https://reply.io/careers/,Pinpoint,reply,,check,3,1,Head of DEI - UK (UK) | Marketing Manager (Belgium) | Customer Service Rep (Luxembourg)
SaM Solutions,"браузер, текст (основной)",https://sam-solutions.com/career/,,,,нет,,,
ScienceSoft,"браузер, текст (основной)",https://www.scnsoft.com/about/careers,,,,нет,,,
Sendpulse,"браузер, текст (основной)",https://careers.sendpulse.com/,,,,нет,,,
SOC Prime,"браузер, текст (основной)",https://socprime.com/careers/,,,,нет,,,
Softeq,"браузер, текст (основной)",https://www.softeq.com/careers,Pinpoint,softeq,,slug,5,1,Head of DEI - Belfast (Belfast) | Head of DEI - US (Washington) | Head of DEI - UK (London) | Marketing Manager (Paris)
SoftServe,"браузер, текст (основной)",https://career.softserveinc.com/en-us/vacancies,,,,нет,,,
Stepik,"браузер, текст (основной)",https://welcome.stepik.org/ru/careers,,,,нет,,,
Synergy International Systems,"браузер, текст (основной)",https://www.synisys.com/careers/,Recruitee,synergy,Synergy,board,6,0,"Tenant Experience Coordinator (Boston, Massachusetts, United States) | Property Accountant (Boston, Massachusetts, United States) | Property Accounting Manager (Boston, Massachusetts, United States) | Assistant Property Manager, Commercial Offices (Boston, Massachusetts, United States)"
Synergy International Systems,"браузер, текст (основной)",https://www.synisys.com/careers/,BambooHR,synergy,,check,1,0,IT Services Associate (London)
Synesis,"браузер, текст (основной)",https://synesis-group.com/en/vacancy/,,,,нет,,,
TEAM International,"браузер, сломан (основной)",https://www.teaminternational.com/en/careers/open-positions,,,,нет,,,
Tilda,"браузер, текст (основной)",https://tilda.freshteam.com/jobs,,,,нет,,,
Toggl,"браузер, сломан (основной)",https://toggl.com/jobs/,,,,нет,,,
Vinted,"браузер, текст (основной)",https://careers.vinted.com/,,,,нет,,,
VisionLabs,"браузер, текст (основной)",https://visionlabs.com/careers/,,,,нет,,,
Worksection,"браузер, текст (основной)",https://worksection.com/en/team-join.html,,,,нет,,,
Anthems Music,"браузер, текст (музтех)",https://anthems.fm/careers,,,,нет,,,
Audiology,"браузер, текст (музтех)",https://katzdigital.com/careers-at-katz/,,,,нет,,,
AudioShake,"браузер, текст (музтех)",https://www.audioshake.ai/careers,,,,нет,,,
Audoo,"браузер, текст (музтех)",https://www.audoo.com/careers,,,,нет,,,
BeatConnect,"браузер, текст (музтех)",https://www.beatconnect.com/careers,,,,нет,,,
Blokur,"браузер, текст (музтех)",https://www.blokur.com/join-us/,,,,нет,,,
Boomy,"браузер, текст (музтех)",https://boomy.com/careers,,,,нет,,,
Bronze,"браузер, текст (музтех)",https://bronze.ai/careers/,,,,нет,,,
Cogs AI,"браузер, текст (музтех)",https://www.cogs-ai.com/careers,,,,нет,,,
Discogs,"браузер, текст (музтех)",https://www.discogs.com/about/careers/,,,,нет,,,
EngineEars,"браузер, текст (музтех)",https://engineears.com/for-all,,,,нет,,,
Fave,"браузер, текст (музтех)",https://faveforfans.com/careers,,,,нет,,,
Horus Music,"браузер, текст (музтех)",https://www.horusmusic.global/careers/,,,,нет,,,
Komi,"браузер, текст (музтех)",https://komi.io/jobs,,,,нет,,,
Laylo,"браузер, текст (музтех)",https://laylo.com/careers,,,,нет,,,
Levellr,"браузер, текст (музтех)",https://jobs.levellr.com/,,,,нет,,,
Masterchannel,"браузер, текст (музтех)",https://masterchannel.ai/careers,,,,нет,,,
Musimap,"браузер, текст (музтех)",https://www.musimap.com/careers,,,,нет,,,
ONCE.app,"браузер, текст (музтех)",https://once.app/careers,Teamtailor,once,ONCE,board,14,0,ADMINISTRATIVO/A ÁREA DE RECURSOS HUMANOS () | ADMINISTRATIVO/A () | ADMINISTRATIVO/A COMERCIAL () | ADMINISTRATIVO/A COMERCIAL ()
Pex,"браузер, текст (музтех)",https://pex.com/careers/,,,,нет,,,
Pibox,"браузер, сломан (музтех)",https://pibox.notion.site/We-re-hiring-more-details-for-positions-soon-1371db9d241c80beae24cc1e73490b96,,,,нет,,,
POSH,"браузер, текст (музтех)",https://posh.vip/careers,Ashby,posh,,check,15,1,Senior React Native Engineer - Consumer (New York City) | Brand Designer (New York City) | Senior Product Designer (New York City) | Account Executive (New York City)
POSH,"браузер, текст (музтех)",https://posh.vip/careers,Pinpoint,posh,,check,1,0,Specialist Street Cleansing Operative (Municipal Depot)
Rap Tech Studios,"браузер, текст (музтех)",https://www.raptech.co/careers,,,,нет,,,
Reactional Music,"браузер, текст (музтех)",https://reactionalmusic.com/careers,,,,нет,,,
Riffusion,"браузер, текст (музтех)",https://www.flowmusic.app/career,,,,нет,,,
RouteNote,"браузер, текст (музтех)",http://routenote.com/careers/,,,,нет,,,
Seat Unique,"браузер, текст (музтех)",https://www.seatunique.com/careers,,,,нет,,,
Sonomo,"браузер, текст (музтех)",https://www.sonomo.com/join-us,,,,нет,,,
SONOTELLER.AI,"браузер, текст (музтех)",https://sonoteller.ai/careers,,,,нет,,,
SoundGate,"браузер, текст (музтех)",https://soundgate.ai/careers/,,,,нет,,,
Stationhead,"браузер, текст (музтех)",https://www.stationhead.com/careers,,,,нет,,,
The Orchard,"браузер, текст (музтех)",https://www.theorchard.com/careers/,Greenhouse,theorchard,The Orchard,board,26,3,"Associate Director, Audience Development - The Orchard (New York) | Associate Director, Relationship Manager - The Orchard (New York) | Business and Legal Affairs Manager, GSA (Berlin, Germany ) | College Marketing Representative, Atlanta - The Orchard (Atlanta)"
The Orchard,"браузер, текст (музтех)",https://www.theorchard.com/careers/,Greenhouse,orchard,Orchard,board,26,0,"Associate General Counsel (Denver, Colorado, United States) | Associate General Counsel (Austin, Texas, United States) | Associate General Counsel (New York, New York, United States) | Brokerage Team Leader  (Seattle, Washington, United States)"
The Orchard,"браузер, текст (музтех)",https://www.theorchard.com/careers/,Ashby,orchard,,check,25,0,Customer Success Manager (California) | Robotics Software Engineer (Perception & Localization) (San Francisco) | Forward Deployed Robotics Engineer (San Francisco) | Senior Machine Learning Engineer (San Francisco)
TuneCore,"браузер, текст (музтех)",https://www.tunecore.com/careers,,,,нет,,,
Xceed,"браузер, текст (музтех)",https://xceed.factorialhr.com/,,,,нет,,,
Audius,"браузер, текст (музтех)",https://audius.co/careers,,,,нет,,,
Tune.FM,"браузер, текст (музтех)",https://tune.fm/careers,,,,нет,,,
